{
    "tilewidth": 32,
    "tileshigh": 5,
    "tileswide": 5,
    "layers": [
        {
            "tiles": [
                {
                    "rot": 0,
                    "x": 0,
                    "flipX": false,
                    "y": 0,
                    "index": 0,
                    "tile": -1
                },
                {
                    "rot": 0,
                    "x": 1,
                    "flipX": false,
                    "y": 0,
                    "index": 1,
                    "tile": 1
                },
                {
                    "rot": 0,
                    "x": 2,
                    "flipX": false,
                    "y": 0,
                    "index": 2,
                    "tile": 3
                },
                {
                    "rot": 0,
                    "x": 3,
                    "flipX": false,
                    "y": 0,
                    "index": 3,
                    "tile": 7
                },
                {
                    "rot": 0,
                    "x": 4,
                    "flipX": false,
                    "y": 0,
                    "index": 4,
                    "tile": 4
                },
                {
                    "rot": 0,
                    "x": 0,
                    "flipX": false,
                    "y": 1,
                    "index": 5,
                    "tile": -1
                },
                {
                    "rot": 0,
                    "x": 1,
                    "flipX": false,
                    "y": 1,
                    "index": 6,
                    "tile": -1
                },
                {
                    "rot": 0,
                    "x": 2,
                    "flipX": false,
                    "y": 1,
                    "index": 7,
                    "tile": 2
                },
                {
                    "rot": 0,
                    "x": 3,
                    "flipX": false,
                    "y": 1,
                    "index": 8,
                    "tile": 9
                },
                {
                    "rot": 0,
                    "x": 4,
                    "flipX": false,
                    "y": 1,
                    "index": 9,
                    "tile": 6
                },
                {
                    "rot": 0,
                    "x": 0,
                    "flipX": false,
                    "y": 2,
                    "index": 10,
                    "tile": -1
                },
                {
                    "rot": 0,
                    "x": 1,
                    "flipX": false,
                    "y": 2,
                    "index": 11,
                    "tile": -1
                },
                {
                    "rot": 0,
                    "x": 2,
                    "flipX": false,
                    "y": 2,
                    "index": 12,
                    "tile": 5
                },
                {
                    "rot": 0,
                    "x": 3,
                    "flipX": false,
                    "y": 2,
                    "index": 13,
                    "tile": 8
                },
                {
                    "rot": 0,
                    "x": 4,
                    "flipX": false,
                    "y": 2,
                    "index": 14,
                    "tile": -1
                },
                {
                    "rot": 0,
                    "x": 0,
                    "flipX": false,
                    "y": 3,
                    "index": 15,
                    "tile": -1
                },
                {
                    "rot": 0,
                    "x": 1,
                    "flipX": false,
                    "y": 3,
                    "index": 16,
                    "tile": -1
                },
                {
                    "rot": 0,
                    "x": 2,
                    "flipX": false,
                    "y": 3,
                    "index": 17,
                    "tile": -1
                },
                {
                    "rot": 0,
                    "x": 3,
                    "flipX": false,
                    "y": 3,
                    "index": 18,
                    "tile": -1
                },
                {
                    "rot": 0,
                    "x": 4,
                    "flipX": false,
                    "y": 3,
                    "index": 19,
                    "tile": -1
                },
                {
                    "rot": 0,
                    "x": 0,
                    "flipX": false,
                    "y": 4,
                    "index": 20,
                    "tile": -1
                },
                {
                    "rot": 0,
                    "x": 1,
                    "flipX": false,
                    "y": 4,
                    "index": 21,
                    "tile": -1
                },
                {
                    "rot": 0,
                    "x": 2,
                    "flipX": false,
                    "y": 4,
                    "index": 22,
                    "tile": -1
                },
                {
                    "rot": 0,
                    "x": 3,
                    "flipX": false,
                    "y": 4,
                    "index": 23,
                    "tile": -1
                },
                {
                    "rot": 0,
                    "x": 4,
                    "flipX": false,
                    "y": 4,
                    "index": 24,
                    "tile": -1
                }
            ],
            "name": "Layer 0",
            "number": 0
        }
    ],
    "tileheight": 32
}